18.79,19.41,21.77,20.1,19.52,20.7,22.25,22.57,20.42,21.64
24.54,28.55,24.51,27.11,25.02,28.97,26.59,28.28,28.17,25.57
27.87,31.31,27.93,29.02,27.48,31.64,29.85,32.07,30.59,27.05
30.34,34.99,29.43,30.4,29.67,33.5,32.36,34.04,32.71,30.97
32.62,36.32,31.51,32.51,31.54,36.11,33.0,36.42,33.18,32.53
34.78,37.59,35.62,34.76,34.29,35.87,34.93,36.83,37.24,35.05
35.56,38.77,36.34,35.72,36.58,38.55,37.99,39.02,39.82,35.77
37.75,39.18,38.3,37.19,37.05,39.76,40.63,40.11,41.7,37.78
39.97,41.63,38.65,38.38,38.99,40.46,41.55,41.36,41.64,39.27
41.83,43.02,42.76,39.47,39.12,43.06,43.74,42.64,43.52,40.18
41.88,44.91,43.67,41.54,40.78,45.12,44.32,43.98,44.97,39.62
43.85,46.78,44.81,42.94,41.7,46.33,46.95,44.45,45.39,41.48
45.5,47.4,45.4,42.94,43.33,46.72,47.79,46.69,46.5,43.23
46.9,48.15,46.7,44.82,44.46,48.58,49.54,47.95,47.6,45.3
47.06,49.88,48.03,46.7,45.28,48.91,50.1,49.91,48.31,46.5
48.68,50.73,49.81,47.88,46.56,49.7,50.67,50.09,50.89,47.4
50.07,51.7,49.4,47.91,47.32,51.11,52.5,52.26,52.19,47.96
50.51,52.22,51.7,47.94,48.06,52.13,52.7,52.68,53.35,49.54
51.73,52.09,52.65,49.45,50.34,53.33,53.89,52.92,54.92,50.84
52.88,53.65,53.55,50.49,49.78,52.81,55.48,53.2,54.69,51.95
52.75,55.07,54.87,50.74,51.01,54.62,55.33,55.25,56.56,52.42
54.02,55.79,55.65,52.24,51.88,55.26,56.56,55.39,56.63,53.83
55.1,56.32,55.95,53.04,52.56,55.51,57.73,56.93,56.6,55.25
56.29,57.32,56.64,53.14,53.97,56.2,58.09,56.28,58.25,56.12
56.86,57.57,57.12,54.25,55.31,55.97,59.64,58.07,59.06,56.08
56.46,58.41,57.69,55.27,54.59,57.32,59.77,58.41,58.82,57.69
58.49,58.3,58.83,54.79,56.84,57.62,61.17,58.88,60.07,57.39
58.86,59.36,59.37,56.09,57.45,58.61,61.07,59.75,60.58,58.42
58.84,60.11,59.66,56.84,56.75,59.49,60.93,60.61,59.95,59.49
59.84,61.42,60.27,57.8,58.12,59.85,61.75,61.46,61.88,60.32
60.43,61.41,60.6,58.33,58.27,59.97,61.72,61.61,62.63,59.82
61.62,60.32,61.03,57.97,60.16,61.25,61.43,62.75,60.82,60.89
62.39,62.45,62.03,58.19,59.77,60.88,62.7,62.29,63.44,61.43
62.39,62.87,61.41,58.6,59.88,61.08,62.98,64.03,63.71,62.83
62.08,63.36,62.14,59.5,61.77,60.9,63.95,64.75,64.16,63.31
63.56,64.2,62.36,59.87,61.67,62.2,64.39,64.93,64.21,62.09
63.11,64.28,62.94,60.64,61.72,62.64,63.89,65.08,63.9,63.16
63.93,65.14,62.87,60.97,61.7,63.59,64.44,65.93,64.78,63.81
63.84,65.29,63.83,61.73,62.17,62.35,65.42,66.27,66.09,64.59
64.88,65.08,63.24,61.14,63.31,64.1,65.37,67.43,65.8,65.25
65.05,64.86,64.68,61.95,63.24,63.37,65.62,66.72,66.01,64.88
65.25,66.11,64.83,63.37,64.0,65.13,64.77,66.71,65.98,65.91
64.92,66.63,65.4,61.92,64.57,65.25,67.16,67.59,67.32,66.17
66.67,67.31,65.7,62.72,64.17,65.58,66.57,68.12,67.25,65.92
64.18,66.08,64.18,63.92,65.7,65.79,67.18,67.45,67.98,66.84
67.1,67.51,65.75,63.87,65.37,66.05,67.75,68.76,68.19,66.03
66.89,67.68,65.57,63.25,66.77,66.94,68.28,69.21,67.78,66.87
67.38,67.44,66.7,64.09,66.3,66.78,66.74,68.92,68.59,67.54
66.75,69.24,66.56,65.09,66.96,66.53,68.75,69.36,69.43,66.9
67.42,68.95,67.25,65.23,66.88,67.1,68.04,70.08,69.24,67.72
67.78,68.93,67.74,66.18,67.58,67.44,69.65,70.3,68.63,67.47
67.71,69.34,67.87,66.03,66.27,67.81,67.53,69.75,69.3,68.66
67.38,69.34,67.99,66.25,69.03,68.29,69.41,70.41,69.72,68.84
67.39,70.17,68.49,66.05,68.51,68.4,69.3,69.8,70.48,69.02
68.44,70.67,68.73,66.85,68.94,69.24,70.53,71.58,71.13,68.86
67.02,70.73,69.31,66.59,68.86,68.61,70.42,70.85,71.46,69.67
69.35,70.63,69.13,67.27,68.41,68.79,71.25,71.51,70.59,69.9
69.69,70.93,69.7,66.34,68.5,69.7,69.69,71.48,70.39,69.45
70.22,69.91,69.58,67.09,69.22,69.96,70.83,72.24,70.8,70.16
69.73,70.9,69.39,68.1,69.84,69.69,70.99,72.58,71.7,71.5
69.6,71.74,69.12,67.95,70.29,69.04,70.49,72.26,71.77,70.55
69.8,72.12,70.53,69.25,70.71,71.32,71.53,72.8,71.87,70.36
70.44,72.3,69.94,69.38,70.44,70.94,71.53,73.04,71.57,70.87
69.95,71.97,71.15,68.47,70.71,70.85,72.16,72.17,72.72,71.04
71.98,72.82,71.18,70.06,71.46,71.56,72.25,73.19,72.47,71.9
71.7,72.38,71.54,69.43,70.94,71.47,72.72,72.75,72.85,70.95
70.65,73.19,71.77,69.91,71.9,71.95,72.61,73.4,72.21,72.18
71.77,73.28,71.71,71.0,71.58,71.7,72.76,73.9,71.89,72.1
71.8,73.57,71.17,70.23,71.79,71.91,72.36,74.09,73.13,71.86
71.73,72.94,71.53,70.74,71.37,72.66,72.4,74.09,73.71,72.71
72.33,73.79,71.81,71.52,72.02,71.31,72.29,73.77,73.59,70.91
72.53,73.81,72.57,71.22,72.37,73.29,72.98,73.91,73.32,72.85
72.45,73.8,71.98,71.84,71.42,73.36,72.03,74.32,73.39,73.23
72.73,74.78,71.53,71.47,72.3,72.66,72.61,74.28,74.3,72.48
73.16,74.09,71.68,72.18,72.94,73.07,73.66,74.72,74.51,73.23
73.24,74.86,72.15,72.27,73.47,72.97,73.15,74.14,73.72,73.31
72.96,75.33,72.55,71.52,72.98,71.45,73.62,74.77,73.92,72.93
73.22,73.62,73.05,72.89,72.92,73.52,74.66,75.16,74.89,73.33
73.21,75.14,73.4,73.3,73.09,72.68,74.97,74.41,74.99,73.01
73.58,74.99,73.18,73.22,73.01,74.25,72.79,74.98,74.71,73.84
74.34,75.2,72.41,73.81,73.82,74.27,74.42,75.64,75.17,73.84
72.44,75.71,72.71,74.2,72.94,73.32,74.64,75.18,74.78,74.18
74.27,74.38,74.07,73.39,74.22,74.17,74.03,75.77,75.02,74.5
74.04,74.66,74.17,74.28,74.96,74.4,74.69,75.78,75.54,74.12
74.19,75.85,73.25,74.18,74.76,74.45,75.34,76.24,75.85,73.74
73.98,75.87,74.45,74.36,74.35,75.05,75.16,76.43,74.92,74.54
74.76,75.96,74.07,74.68,74.12,74.22,74.77,76.52,75.56,75.09
74.85,76.72,74.48,74.67,75.68,75.21,74.97,75.69,75.24,75.26
74.2,76.44,74.51,74.55,75.09,74.43,75.74,76.39,76.04,74.11
73.96,76.53,75.09,73.94,73.99,74.9,75.68,76.11,75.28,75.32
74.71,76.7,74.98,74.71,74.67,75.12,75.7,76.57,75.96,75.2
74.98,76.5,74.7,75.26,75.9,75.05,76.03,76.26,76.23,75.39
75.62,76.74,75.62,75.35,74.98,75.67,75.52,77.2,76.1,75.91
75.05,76.58,75.19,75.66,76.04,75.3,76.1,77.11,76.54,75.43
75.63,76.48,75.79,75.34,76.06,76.32,75.34,77.08,76.42,75.26
75.83,77.0,75.0,76.19,76.08,76.08,76.57,77.01,76.58,74.75
74.92,77.05,76.25,75.41,75.75,76.19,77.28,76.51,76.88,75.62
75.3,76.5,76.1,76.29,75.72,76.52,76.8,76.51,76.86,74.62
75.9,77.5,76.2,75.95,75.9,75.73,75.93,77.23,76.28,75.64
76.17,77.54,76.36,76.16,76.74,75.85,77.67,76.49,76.9,76.86
76.91,77.65,77.01,77.14,76.96,77.55,77.15,77.59,77.83,77.35
76.41,78.17,77.45,77.36,77.06,77.33,77.76,78.08,77.73,76.94
76.98,78.26,77.12,77.24,77.49,77.02,77.48,78.28,78.33,76.96
76.76,77.75,77.09,77.17,77.07,77.19,77.41,77.85,77.87,76.88
77.01,78.78,77.27,77.25,76.78,77.36,77.61,78.19,77.9,76.42
77.07,78.42,77.14,77.95,77.47,77.52,78.0,77.95,78.43,77.78
76.67,78.05,77.65,77.74,77.38,77.82,77.94,78.25,78.11,77.18
77.12,78.28,77.15,77.87,77.16,77.9,77.89,78.23,78.56,77.07
77.21,78.34,77.17,77.5,76.8,77.81,77.62,78.39,77.88,77.03
77.08,78.75,77.78,77.78,77.69,77.73,77.14,78.83,78.39,77.69
77.57,78.39,77.32,77.77,77.99,78.15,78.03,78.39,78.35,77.55
77.25,78.41,77.57,77.96,77.55,77.05,78.03,77.75,78.52,77.43
77.15,78.85,77.74,77.7,77.77,78.03,78.02,78.74,78.51,77.67
77.58,78.35,77.94,77.99,77.55,78.01,77.9,78.24,78.26,77.85
77.24,78.84,77.81,77.75,77.68,78.13,78.47,78.96,78.57,77.79
77.41,79.13,77.97,77.83,77.85,77.76,78.05,78.51,78.47,77.75
76.47,79.01,77.82,78.1,77.17,77.74,78.64,78.82,78.52,77.77
77.24,79.28,78.1,78.09,77.83,77.7,77.6,78.42,78.2,77.71
77.68,79.46,77.72,78.51,77.98,77.81,78.2,78.74,77.69,77.54
77.7,79.1,77.99,78.32,77.87,78.46,77.15,78.7,78.65,77.79
77.18,79.39,78.54,78.14,77.49,78.3,77.12,78.28,78.94,78.01
77.74,79.46,78.12,78.45,78.52,77.78,78.61,79.13,78.43,78.19
78.12,79.37,78.19,78.62,77.81,78.2,78.63,79.17,78.78,78.21
77.89,79.54,78.33,78.46,78.16,78.11,78.27,79.18,78.85,77.86
77.66,79.35,78.71,78.37,78.0,78.27,78.94,78.98,78.04,77.87
77.5,79.75,78.48,78.35,77.59,78.65,78.25,78.78,78.59,78.35
77.79,78.81,78.67,78.56,78.41,78.42,78.73,78.92,78.93,77.95
78.19,79.68,78.03,78.32,77.6,78.72,77.6,78.77,78.94,78.15
78.2,79.68,78.33,78.92,78.12,78.88,79.25,79.0,79.39,78.75
78.63,79.96,78.46,78.73,77.68,78.77,79.13,78.87,78.67,78.28
78.31,79.63,79.01,78.68,78.42,78.18,79.47,79.28,78.9,78.24
78.16,79.24,78.63,78.34,78.38,79.0,78.87,79.31,78.84,77.74
77.93,79.39,77.85,79.12,77.92,78.88,78.21,79.3,79.3,77.59
78.45,79.47,78.95,78.88,78.69,78.91,78.2,79.82,79.29,78.56
77.46,79.63,79.02,78.63,77.81,78.59,79.23,79.36,78.85,78.11
78.1,79.92,78.96,78.99,78.49,79.17,78.33,79.7,79.36,78.96
78.75,80.49,79.25,79.04,78.87,78.82,79.25,79.03,79.24,78.79
78.27,79.84,78.93,79.12,78.41,78.81,79.59,79.49,79.57,78.58
78.56,79.62,78.92,78.67,78.82,79.15,78.72,79.93,79.42,78.27
78.73,80.22,78.79,79.21,78.88,78.74,79.74,79.61,79.54,78.33
77.7,79.26,79.01,79.34,78.9,79.25,79.51,79.62,79.78,78.65
78.64,79.8,79.21,79.16,78.37,79.0,79.59,79.57,79.54,79.11
78.49,79.57,79.01,79.02,78.97,79.24,79.16,79.76,79.44,78.65
78.53,80.25,78.72,79.15,78.76,79.12,78.82,79.84,79.6,78.64
78.88,79.98,78.89,79.09,78.9,79.15,79.88,79.9,79.49,78.4
78.85,80.29,79.21,79.27,79.14,79.1,78.88,79.64,79.18,78.82
78.69,80.15,79.35,79.52,79.33,79.54,79.68,80.15,79.56,78.47
79.2,80.23,79.58,79.65,78.67,79.18,79.36,79.27,80.05,78.84
78.88,80.54,78.75,79.49,79.09,79.73,79.2,79.77,79.7,78.55
78.92,80.18,79.57,79.36,79.13,79.05,79.35,79.68,79.86,78.91
79.45,80.73,79.57,79.78,79.66,80.08,79.88,80.39,80.4,79.35
79.36,80.74,79.74,80.01,79.97,79.97,80.09,80.43,80.39,79.31
79.43,80.9,79.65,79.68,79.78,80.02,80.13,80.61,80.2,79.7
79.41,80.75,80.05,79.86,79.83,79.97,79.95,80.4,80.55,79.67
79.34,80.91,80.16,80.08,79.78,80.15,80.27,80.59,80.01,79.51
79.45,81.18,79.77,80.3,80.09,79.89,80.18,80.2,80.24,79.77
79.62,80.39,79.84,79.73,79.75,79.99,80.04,80.49,80.14,79.83
79.22,80.87,80.04,79.94,79.47,80.18,80.22,80.57,80.27,79.7
79.48,80.84,80.19,80.04,79.85,80.03,79.76,80.59,80.32,79.59
79.73,81.05,79.88,79.97,79.83,80.05,80.07,80.47,80.55,79.71
79.44,80.93,79.92,79.92,79.52,80.11,80.1,80.75,80.28,79.68
79.77,81.12,79.72,80.6,79.74,79.87,80.01,80.5,80.42,79.96
79.72,80.92,79.65,80.27,80.05,79.98,80.35,80.47,80.66,79.85
79.55,80.87,80.07,80.04,79.87,80.07,80.28,80.37,80.57,80.07
79.95,80.66,80.09,79.91,79.96,80.42,80.23,80.58,80.62,79.75
79.82,81.05,79.96,80.15,79.86,80.48,80.13,80.56,80.05,79.76
79.85,80.8,80.16,80.12,80.04,80.16,79.75,80.6,80.73,79.89
79.34,81.12,80.06,79.98,80.14,79.95,80.24,80.54,80.43,79.72
79.72,81.01,80.13,79.87,79.84,80.63,80.4,80.42,80.44,79.97
79.77,81.11,79.89,80.18,79.76,79.93,80.05,80.53,80.4,79.66
79.57,80.87,80.32,80.3,80.16,80.22,80.14,80.28,80.36,79.99
80.04,81.2,80.06,80.31,80.13,80.07,80.31,80.66,80.42,79.87
79.26,80.87,80.2,80.04,79.85,80.15,79.82,80.63,80.69,79.65
79.68,80.97,80.17,80.28,80.3,80.73,80.4,80.52,80.58,79.85
79.37,80.99,79.99,80.13,79.91,80.39,80.05,80.62,80.62,79.77
79.69,81.09,80.39,80.29,80.14,80.33,80.11,80.58,80.51,79.97
79.58,81.05,80.09,80.4,79.87,80.46,80.1,80.81,80.45,79.9
79.78,81.1,80.4,80.18,80.02,80.33,79.99,80.84,80.45,79.94
79.75,81.32,80.04,80.51,80.26,80.24,80.35,80.81,80.16,80.08
79.69,80.99,80.04,80.02,80.08,80.52,80.13,80.57,80.5,80.07
79.76,81.27,80.39,80.27,80.26,80.22,80.35,80.65,80.51,79.59
79.83,80.99,79.98,80.41,80.19,80.27,80.27,80.5,80.57,79.93
79.74,81.06,80.45,80.48,80.29,80.75,80.44,80.48,80.56,79.62
79.81,81.26,80.42,80.4,79.86,80.25,80.37,80.82,80.33,79.88
79.67,80.99,80.13,80.41,80.38,80.41,80.24,80.85,80.9,80.16
79.71,81.17,80.18,80.44,79.99,80.13,80.61,80.79,80.57,79.96
79.68,81.22,80.34,80.15,80.46,80.4,79.83,80.85,80.43,80.02
79.9,81.29,80.52,80.61,80.04,80.44,80.46,80.78,80.3,80.13
79.62,81.22,80.17,80.25,80.17,80.38,80.15,80.86,80.59,79.99
79.79,81.11,80.37,80.65,80.05,80.46,80.25,80.51,80.63,79.98
79.5,81.22,80.54,80.17,80.04,80.35,80.14,80.87,80.33,79.76
79.74,81.33,80.21,80.55,80.26,80.4,80.13,80.86,80.71,80.08
79.48,81.13,80.24,80.58,80.4,80.29,80.5,80.74,80.53,80.13
80.01,80.98,80.26,80.39,80.3,80.39,80.33,81.06,80.61,79.98
79.76,81.31,80.36,80.52,80.3,80.35,80.29,81.13,80.53,79.9
79.62,81.37,80.48,80.52,79.89,80.58,80.39,80.74,80.72,79.75
79.9,81.33,80.37,80.17,80.27,80.38,80.34,80.56,80.72,80.1
79.94,81.33,80.57,80.18,80.19,80.82,80.28,80.45,80.55,79.82
79.66,81.31,80.53,80.86,80.44,80.72,80.51,80.85,80.66,80.24
79.87,81.35,80.49,80.68,80.47,80.37,80.51,81.08,80.67,80.11
80.3,81.47,80.39,80.65,80.41,80.5,80.33,81.23,80.79,80.02
80.13,81.42,80.38,80.58,80.42,80.5,80.5,80.79,80.52,79.83
80.2,81.32,80.36,80.92,80.46,80.62,80.49,81.05,80.91,80.23
80.21,81.72,80.34,80.73,80.27,80.69,80.28,80.73,80.84,79.88
80.06,81.26,80.43,80.83,80.24,80.67,80.55,81.04,80.74,80.01
79.8,81.62,80.22,80.59,80.37,80.79,80.45,80.97,80.62,80.2
79.87,81.48,80.55,80.79,80.06,80.59,80.27,81.02,80.79,80.07
80.09,81.25,80.45,80.73,80.2,80.6,80.39,81.38,80.82,80.29
80.01,81.31,80.54,80.49,80.16,80.5,80.34,80.79,80.75,80.38
80.06,81.45,80.64,80.58,80.28,80.64,80.39,80.79,80.89,80.04
80.05,81.31,80.64,80.99,80.56,80.6,80.39,80.91,80.57,79.98
80.12,81.47,80.75,80.48,80.28,80.54,80.45,81.04,80.78,80.07
79.94,81.55,80.39,80.67,80.56,80.81,80.36,80.95,80.66,80.14
80.05,81.43,80.3,80.85,80.65,80.62,80.63,81.03,80.7,80.11
80.24,81.37,80.76,80.41,80.37,80.79,80.07,81.18,80.92,80.13
80.25,81.46,80.39,80.77,80.55,80.6,80.33,80.85,80.62,80.33
79.9,81.25,80.43,80.82,80.62,80.83,80.65,80.94,80.72,80.15
80.11,81.34,80.88,80.71,80.18,80.63,80.6,81.04,80.64,79.88
80.14,81.14,80.83,80.62,80.43,80.7,80.49,80.8,80.8,80.16
80.13,81.29,80.81,80.62,80.56,80.92,80.55,80.96,80.8,80.06
80.16,81.34,80.45,80.87,80.54,80.91,80.42,80.85,80.84,80.28
80.13,81.1,80.71,80.59,80.53,80.69,80.6,81.18,80.81,80.37
80.11,81.42,80.5,80.69,80.28,80.62,80.41,80.97,80.93,80.19
80.28,81.18,80.64,80.82,80.59,80.71,80.8,80.84,80.78,80.15
80.15,81.3,80.81,80.74,80.47,80.84,81.0,81.26,80.86,80.05
79.6,81.37,80.48,80.74,80.56,80.52,80.27,80.8,80.85,79.93
80.21,81.12,80.79,80.79,80.31,80.76,80.59,80.82,80.7,80.34
79.87,81.24,80.44,80.75,80.23,80.92,80.82,80.95,80.81,80.34
79.85,81.37,80.58,80.64,80.61,80.94,80.44,80.69,80.86,79.94
80.07,81.55,80.79,80.51,80.35,80.66,80.74,80.79,80.73,79.99
80.12,81.57,80.57,80.67,80.12,80.77,80.48,80.95,81.08,80.23
80.2,81.19,80.55,80.63,80.5,80.7,80.71,81.02,80.95,80.26
80.24,81.19,80.53,80.67,80.1,80.83,80.55,80.91,81.14,80.07
80.1,81.41,80.79,80.54,80.55,80.63,80.41,80.86,80.82,80.24
80.15,81.4,80.54,80.65,80.58,80.62,80.69,80.88,81.02,80.27
80.52,81.33,80.54,80.96,80.42,80.62,80.36,80.95,80.9,80.25
80.4,81.38,80.7,80.83,80.47,80.47,80.65,81.03,80.88,80.26
80.07,81.52,80.38,80.67,80.75,81.05,80.62,81.0,80.77,80.11
80.02,81.5,80.63,80.79,80.63,81.18,80.69,81.13,80.82,80.29
80.02,81.36,80.64,80.92,80.24,80.81,80.95,80.93,80.79,80.24
79.92,81.48,80.48,80.83,80.44,80.84,80.93,80.95,80.89,80.06
80.24,81.56,80.49,80.41,80.68,80.98,80.75,81.23,80.99,80.36
80.17,81.24,80.73,80.51,80.23,80.81,80.64,81.27,80.7,80.4
80.1,81.68,80.4,80.73,80.51,80.62,80.51,81.05,81.18,80.26
80.27,81.17,80.57,80.88,80.54,80.72,80.77,80.92,80.96,80.23
80.07,81.32,80.59,80.7,80.56,80.86,80.76,80.98,80.96,80.35
80.07,81.41,80.69,80.75,80.71,80.75,80.59,81.0,81.17,80.14
80.03,81.52,80.63,80.58,80.7,80.82,80.65,81.04,80.73,80.22
80.35,81.42,80.72,80.67,80.59,80.74,80.71,81.06,80.99,80.3
80.1,81.83,80.39,80.83,80.59,80.89,80.61,80.86,81.04,80.26
80.21,81.7,80.59,80.99,80.57,80.89,80.67,80.84,81.26,80.41
80.12,81.56,80.57,80.88,80.33,81.01,80.55,80.99,81.09,80.16
79.99,81.52,80.63,80.79,80.46,80.77,80.48,81.37,80.97,80.19
80.19,81.55,80.55,80.57,80.23,81.03,80.75,81.08,80.83,80.24
80.02,81.48,80.47,80.82,80.68,80.9,80.68,81.09,80.75,80.17
80.18,81.42,80.56,80.81,80.65,80.79,80.96,81.16,80.82,80.17
80.17,81.65,80.56,81.01,80.4,80.84,80.43,80.98,80.9,80.43
80.36,81.83,80.8,80.65,80.58,80.76,80.48,80.97,80.98,80.18
80.16,81.74,81.04,81.13,80.42,80.81,80.66,81.19,80.89,80.21
80.55,81.61,80.58,80.69,80.7,80.94,80.71,81.1,80.89,80.28
80.23,81.54,80.55,80.6,80.38,80.97,80.59,81.06,81.04,80.36
80.25,81.65,80.71,80.61,80.41,80.93,80.75,81.17,81.1,80.39
80.27,81.59,80.77,80.79,80.67,81.04,80.82,81.21,80.78,80.31
80.36,81.76,80.65,80.66,80.45,80.93,80.55,81.07,80.96,80.03
80.51,81.71,80.61,80.89,80.54,81.0,80.72,80.99,81.23,80.19
80.22,81.46,80.89,80.94,80.49,80.92,80.6,81.0,80.99,80.19
80.14,81.59,80.56,80.75,80.75,80.8,80.82,81.29,80.96,80.4
80.3,81.72,80.59,80.66,80.73,80.79,80.57,81.05,80.81,80.25
80.3,81.63,80.65,80.7,80.35,81.09,80.64,81.08,81.1,80.58
80.25,81.43,80.68,80.7,80.73,80.86,80.82,81.17,81.27,80.73
80.23,81.78,80.95,80.55,80.82,81.04,80.56,81.12,81.03,80.43
80.19,81.6,80.72,80.84,80.49,80.73,80.74,80.93,81.17,80.2
80.34,81.46,80.51,80.79,80.51,80.9,80.84,81.01,80.96,80.2
80.49,81.63,80.51,80.92,80.8,81.03,80.42,81.11,80.97,80.5
80.43,81.78,80.74,80.83,80.6,80.89,80.67,80.97,80.85,80.76
80.33,81.53,80.57,80.77,80.4,80.65,80.51,80.91,81.06,80.44
80.28,81.56,80.58,81.05,80.56,80.93,81.01,81.13,81.08,80.31
80.15,81.52,80.65,80.66,80.49,80.92,80.74,81.16,80.94,80.45
80.44,81.66,80.9,80.85,80.43,81.05,80.6,80.86,80.63,80.33
80.12,81.66,80.74,80.73,80.46,80.77,80.53,80.94,81.17,80.39
79.98,81.55,80.62,80.73,80.59,80.8,80.49,80.92,80.95,80.58
80.23,81.51,80.74,80.87,80.45,80.78,80.66,80.91,80.76,80.51
80.48,81.66,80.68,80.84,80.69,80.9,80.45,81.04,81.02,80.44
80.24,81.37,80.84,80.71,80.55,80.98,80.68,81.05,80.94,80.27
80.28,81.4,80.67,80.96,80.55,81.03,80.64,81.21,81.17,80.64
80.58,81.41,80.72,80.91,80.57,80.73,80.64,81.05,81.04,80.53
80.58,81.56,80.82,80.97,80.63,80.98,80.56,80.99,80.93,80.52
80.32,81.6,80.75,80.85,80.42,80.72,80.49,81.03,81.32,80.5
80.35,81.79,80.7,80.94,80.52,80.93,80.66,81.06,81.16,80.29
80.41,81.58,80.89,80.94,80.68,80.66,80.71,81.07,81.15,80.27
80.57,81.72,80.6,80.8,80.65,80.84,80.67,80.91,81.12,80.46
80.21,81.72,80.86,80.8,80.57,80.87,80.52,81.2,80.78,80.39
80.33,81.71,80.67,80.7,80.34,80.89,80.78,81.14,81.0,80.56
80.33,81.58,80.71,80.97,80.59,80.58,80.78,81.23,80.89,80.34
80.59,81.44,80.74,80.78,80.59,80.87,80.7,81.4,80.78,80.3
80.31,81.58,80.64,80.74,80.54,81.02,80.77,80.9,81.08,80.43
80.07,81.59,80.83,81.06,80.54,81.12,80.72,81.11,80.97,80.36
80.23,81.72,80.77,80.77,80.44,80.76,80.83,81.27,80.96,80.43
80.42,81.62,80.77,80.87,81.0,80.76,80.57,81.19,80.93,80.47
80.25,81.63,80.73,80.86,80.59,80.91,80.63,81.05,80.77,80.54
80.45,81.57,80.63,80.75,80.51,80.98,80.61,81.3,80.98,80.41
80.27,81.48,80.87,80.67,80.6,80.83,80.6,80.9,80.81,80.31
80.21,81.57,80.78,80.67,80.42,80.69,80.49,81.29,81.15,80.39
80.6,81.75,80.44,80.94,80.34,80.84,81.01,81.31,80.95,80.57
80.48,81.57,80.7,80.79,80.47,80.65,80.76,81.24,81.35,80.23
80.58,81.66,80.57,80.67,80.52,80.79,80.77,81.1,80.68,80.22
80.41,81.55,80.63,80.72,80.55,80.88,80.72,81.28,80.97,80.29
80.54,81.66,80.76,80.68,80.71,80.76,80.57,81.25,80.81,80.43
80.46,81.53,80.48,80.66,80.72,80.95,80.79,81.18,80.92,80.59
80.49,81.76,80.93,80.8,80.54,80.81,80.58,81.13,81.04,80.16
80.25,81.74,80.61,80.83,80.71,80.84,80.7,81.1,81.08,80.21
80.59,81.68,80.84,80.51,80.65,80.87,80.61,81.3,80.71,80.33
80.33,81.51,80.81,80.78,80.6,80.56,80.8,81.19,80.96,80.41
80.45,81.65,80.78,80.65,80.89,80.82,80.87,81.17,81.0,80.44
80.26,81.44,80.78,80.58,80.69,80.86,80.7,81.08,81.11,80.42
80.12,81.58,80.75,80.83,80.96,80.84,80.72,81.18,81.01,80.53
80.3,81.7,80.81,80.92,80.38,80.96,80.69,81.3,81.1,80.53
80.08,81.49,80.68,80.93,80.63,80.81,80.58,81.39,80.69,80.36
80.35,81.71,80.73,80.79,80.73,80.78,80.61,81.04,81.07,80.41
80.3,81.59,80.5,80.82,80.43,80.79,80.55,81.26,81.11,80.4
80.33,81.5,80.88,80.93,80.84,80.92,80.58,81.11,81.0,80.32
80.23,81.68,80.56,80.62,80.77,80.92,80.75,81.25,81.09,80.18
80.31,81.54,80.7,80.79,80.58,80.93,80.51,81.21,81.03,80.4
80.61,81.47,80.41,80.69,80.64,80.77,80.65,80.92,81.08,80.26
80.23,81.73,80.83,81.01,80.61,80.92,80.69,81.12,80.96,80.5
80.3,81.68,80.8,80.94,80.75,80.92,80.49,81.2,80.89,80.4
80.36,81.52,80.82,81.04,80.61,80.79,80.5,81.36,81.03,80.53
80.03,81.57,80.67,80.9,80.82,80.79,80.56,81.12,80.9,80.42
80.35,81.39,80.86,80.75,80.73,80.97,80.7,81.39,81.33,80.42
80.6,81.3,80.81,80.94,80.89,80.76,80.42,81.33,81.06,80.3
80.19,81.52,80.83,80.59,80.74,81.02,80.64,81.21,80.98,80.59
80.39,81.53,80.76,80.96,80.6,80.76,80.74,81.2,80.91,80.55
80.35,81.62,80.86,80.71,80.67,80.73,80.45,81.24,81.14,80.42
80.57,81.43,80.59,80.88,80.52,80.84,80.73,81.21,81.06,80.55
80.34,81.61,80.43,80.88,80.72,80.83,80.51,81.18,80.99,80.45
80.43,81.72,80.61,80.89,80.37,81.05,80.51,81.07,81.05,80.47
80.34,81.64,80.59,80.64,80.63,80.83,80.62,81.28,80.89,80.47
80.33,81.62,80.72,80.97,80.59,80.93,80.8,81.09,81.2,80.33
80.1,81.55,80.85,80.57,80.87,80.85,80.52,81.31,80.81,80.5
80.3,81.72,80.87,80.9,80.72,80.94,80.62,81.08,81.0,80.26
80.11,81.72,80.48,80.82,80.84,81.03,80.84,81.02,81.13,80.28
80.35,81.52,80.72,80.91,80.5,80.8,80.85,81.21,80.66,80.52
80.23,81.33,80.75,80.86,80.73,80.9,81.05,81.14,81.18,80.22
80.17,81.52,80.23,80.79,80.67,80.82,80.82,81.46,81.12,80.3
80.06,81.26,80.65,80.8,80.69,80.95,80.62,81.29,80.99,80.47
80.41,81.66,80.69,80.64,80.6,80.72,80.59,81.04,80.75,80.48
80.17,81.28,80.78,80.82,80.57,81.06,80.81,81.27,80.83,80.21
80.23,81.46,80.84,80.91,80.56,80.85,80.86,81.39,80.92,80.53
80.28,81.49,80.73,80.62,80.46,80.89,80.8,81.29,80.86,80.31
80.34,81.74,80.84,80.62,80.81,80.9,80.83,81.05,80.92,80.51
