26.76,26.87,29.58,27.81,28.07,25.1,32.44,28.95,28.91,29.37
41.91,39.19,40.13,36.15,36.36,37,48.01,40.98,40.27,42.17
50.99,44.91,53.31,43.35,45.67,49.33,59.21,49.35,51.18,50.96
55.78,53.11,59.06,51.04,50.2,58.17,64.13,58.49,59.65,60.32
63.36,62.36,65.26,58.94,60.41,62.93,66,59.35,66.13,67.13
68.03,66.3,68.86,62.98,65.35,67.52,71.18,72.88,71.44,68.73
69.55,73.58,73.41,69.52,69.35,70.11,71.87,73.55,73.76,75.27
73.85,74.76,73.56,70.4,69.92,74.73,76.08,77.34,76.64,77.99
75.86,77.45,78.72,72.92,75.03,76.14,77.62,79.62,78.67,80.01
78.63,78.62,79.48,76.86,77.22,78.97,80.16,80.23,77.6,81.22
79.47,80.63,81.28,79.71,79.08,78.32,81.41,79.83,78.94,81.53
79.87,81.45,81.71,80.25,79.03,80.58,82.54,82.29,81.55,80.29
81.86,81.39,81.03,81.77,80.78,81,84.28,81.63,82.69,83.04
81.15,80.36,81.12,81.88,81.28,82.14,81.86,83.91,83.58,82.91
83.71,80.2,81.88,82.62,82.26,82.38,83.12,84.69,84.9,84.04
84.08,83.34,83.81,84.66,80.8,82.39,83.47,84.74,83.89,84.3
82.05,84.14,84.65,82.38,82.04,83.59,82.69,84.59,84.24,84.32
84.39,83.73,82.74,84.27,82.33,84.18,82.71,84.38,85.49,85.07
81.92,82.49,84.91,84.49,85.67,83.15,85.19,84.81,83.67,83.54
84.29,84.1,84.84,84.14,84.33,84.76,85.49,85.96,84.26,85.66
84.73,86.46,85.24,84.25,85.76,86.03,84.34,85.53,85.73,84.58
86.07,86.55,85.31,84.6,84.87,85.42,84.75,86.18,85.11,85.72
85.71,85.24,86.26,86.79,83.58,86.45,86.62,83.32,85.81,88.05
85.39,85.51,86.5,84.9,86.65,86.65,87.77,85.3,86.33,83.18
85.11,86.74,85.99,87.06,83.59,85.34,87.19,86.79,87.22,86.09
84.24,85.49,86.13,87.38,86.43,83.83,86.53,86.47,84.88,87.48
85.95,86.48,85.63,87.48,83.49,86.59,83.37,87.2,86.56,85.26
85.15,87.62,86.27,86.7,85.58,85.15,87.61,88.06,85.76,87.47
87.78,87.42,86.62,85.45,87.8,86.4,87.49,86.95,86.85,88.01
87.14,86.76,88.02,87.06,86.23,87.62,87.36,87.51,87.36,85.93
87.51,87.54,87.14,87.81,87.31,86.3,87.54,86.99,88.33,88.22
88.17,87.95,87.78,85.22,87.53,87.17,88.16,87.32,87.44,87.4
85.57,85.39,86.59,87.77,87.69,88.02,88.34,86.1,87.47,88.35
87.04,86.98,86.09,86.9,88.84,87.56,88.1,86.92,87.21,88.09
87.72,87.4,87.89,88.34,85.96,88.14,88.27,88.34,87.6,87.55
87.75,85.61,86.69,87.3,88.5,86.59,87.71,87.33,87.59,86.55
86.96,89,87.07,87.6,88.02,86.58,87.95,87.97,86.74,87.51
87.42,88.11,87.9,87.64,88.01,87.81,88.35,88.08,85.82,87.58
88.83,86.58,86.26,88.05,87.42,86.15,88.67,88.46,87.3,88.1
87.83,88.94,87.8,87.44,88.21,87.54,87.45,86.75,87.55,87.78
88.49,87.7,87.91,89.12,87.33,86.43,87.32,88.57,87.02,88.01
88.86,87.81,87.65,87.08,87.57,86.01,88.2,87.5,87.9,88
87.67,86.7,88.72,88.92,88.31,87.82,88.53,88.63,87.32,87.87
88.39,87.68,86.8,88.52,87.79,88.94,87.48,88.64,89.4,88.53
87.93,87.72,87.1,88.72,88.77,87.56,88.27,88.27,87.84,88.04
89.01,88.3,88.75,89.01,88.77,88.21,88.82,88.46,87.06,89.03
88.71,88.14,87.45,87.92,84.13,87.13,87.85,88.75,87.76,87.86
87.99,88.91,89.54,88.21,88.53,89.12,88.55,88.46,89.04,86.62
88.7,89.12,88.1,88.89,88.97,87.11,87.92,88.95,88.81,87.85
86.36,87.68,89.09,87.7,88.86,88.43,87.35,88.28,89.27,87.03
88.7,89.11,87.56,88.75,87.89,87.92,85.85,88.56,86.05,88.83
88.26,89.65,88.87,89.63,89.4,88.1,88.89,88.3,88.26,88.68
88.65,87.25,88.28,88.44,88.28,88.26,88.99,87.06,88.35,89.11
88.44,88.17,88.17,88.95,88.32,88.53,88.16,89.1,88.67,88.33
88.8,88.45,87.06,89.17,89.33,89.04,89.3,87.61,89.43,87.74
88.78,88.37,89.16,88.52,88.58,88.85,88.73,87.31,87.75,88.82
89.15,88.38,87.23,88.77,87.57,87.22,89.38,87.8,89.36,89.45
89.15,89.9,87.38,88.65,88.4,87.55,89.06,89,89.14,89.22
88.69,87.1,87.4,88.25,89.67,88.7,87.88,89,88.63,89.86
89.17,89.28,88.31,90.17,88.56,89.35,88.34,88.55,88.78,89.41
89.25,89.9,89.43,88.87,88.26,88.43,86.27,88.84,89.84,89.66
88.02,89.65,89.17,88.97,89.38,88.21,88.79,88.3,89.12,89
89.07,89.83,89.3,89.51,89.36,90.13,87.08,88.71,89.17,89.18
88.93,88.63,88.8,88.75,88.88,87.88,88.86,89.18,88.07,90.02
89.43,87.88,89.05,89.12,89.26,87.5,89.01,89.28,88.1,89.25
89.4,88.94,86.42,89.15,89.2,89.52,89.3,88.81,88.36,89.72
89.09,88.42,88.17,88.27,89.93,88.28,87.94,88.63,88.05,88.14
88.96,88.38,87.77,89.28,88.16,89.27,88.81,87.84,89.15,89.6
89.55,89.57,88.85,88.82,89.75,88.02,89.79,90.17,89.17,89.73
88.32,88.31,89.24,87.62,88.89,87.65,89.42,88.2,89.52,88.84
88.8,89.17,89.88,89.4,89.26,88.72,89.01,88.5,89.13,87.22
89.24,89.22,90.35,87.94,90.21,89.66,89.84,89.34,88.94,88.11
89.48,89.29,88.52,89.86,88.45,87.95,88.62,88.63,90.39,88.73
88.85,88.51,90.05,88.37,89.39,89.3,89.23,89.15,88.93,89.49
88.79,90.01,88.81,89.8,89.45,88.34,89.3,89.71,89.5,87.34
89.26,89.4,89.07,88.92,89.01,89.76,87.5,89.4,88.75,88.73
89.51,89.9,88.41,87.42,89.22,89.44,89.45,88.83,89.39,89.01
89.94,88.2,87.33,89.49,89.62,90.01,89.11,87.79,88.54,88.28
90.22,89.05,89.44,89.46,89.79,88.6,88.33,89.25,89.08,89.22
90.34,90.38,89.08,89.74,89.42,88.87,89.59,88.74,90.12,89.08
88.88,89.22,88.54,88.99,89.94,88.64,89.2,87.47,89.03,89.25
88.97,90.22,89.43,88.69,87.33,89.22,89.64,89.41,89.61,88.61
88.95,88.84,87.64,88.61,90.8,89.62,89.29,85.83,89.43,90.11
90.55,87.87,89.85,88.86,89.78,90.45,88.97,87.45,89.02,89.37
89.49,90.14,90.14,88.21,89.36,88.37,89.74,89.13,88.45,88.55
89.95,89.48,87.6,89.36,87.88,89.27,88.26,89.19,88.03,88.83
89.81,88.72,90.19,88.12,90.07,89.64,88.99,89.41,89.77,90.23
89.61,89.16,89.87,89.91,87.83,88.97,87.18,89.64,89.55,90.1
90.13,89.65,89.79,89.87,89.88,87.33,88.61,88.87,89.74,85.44
89.85,90,88.6,88.67,89.2,89.57,90.25,90.12,87.82,89.48
90.42,90.28,89.7,88.62,88.72,88.67,89.06,89.15,89.15,89.64
90.3,89.35,90.43,89.95,90.29,90.22,88.42,90.4,89.09,87.55
89.06,88.85,89.4,90.47,90.1,89.1,89.29,87.75,89.28,89.79
89.95,90.34,89.79,89.81,88.25,90.47,89.61,89.7,90.37,88.33
88.78,89.53,89.52,89.19,90.05,88.16,88.31,87.96,89.51,88.81
90.38,89.76,90.14,89.11,89.39,90.06,90.79,89.27,89.7,89.87
87.8,90.07,90.21,89.66,89.78,90.09,87.87,88.75,89.56,88.97
90.42,90.15,88.16,89.51,89.69,89.83,89.72,90.16,89.61,89.5
89.99,89.31,89.3,88.91,90.86,88.91,88.43,89.18,90.03,89.45
90.04,90.47,90.22,90.34,90.56,88.91,90.34,89.74,89.57,90.38
91.72,91.92,91.18,91.47,91.66,91.88,91.73,91.71,91.88,91.76
91.91,92.04,91.64,91.5,91.74,91.69,91.78,91.92,91.63,91.69
91.54,91.74,91.28,91.36,92.47,91.62,91.63,91.23,91.6,91.77
91.35,91.31,91.06,90.75,91.36,91.18,91.76,91.2,90.98,91.57
91.65,91.08,91.39,91.46,91.38,90.82,91.85,92.44,91.8,92.12
91.94,91.73,91.26,91.05,90.88,91.97,91.68,91.76,91.13,91.23
91.81,91.59,91.74,91.02,90.53,91.98,91.52,91.33,91.53,91.06
91.83,90.85,91.81,91.84,91.8,91.91,91.34,91.61,92.17,91.27
91.78,91.81,91.66,90.68,91.16,91.25,91.32,91.6,91.4,91.65
91.42,91.4,91.54,91.27,92,91.7,91.31,91.32,92.01,91.12
91.98,91.49,91.27,92.23,91.73,91.53,91.38,91.47,91.9,91.5
91.91,91.74,91.58,91.79,91.5,91.64,91.3,91.37,91.67,91.58
91.85,91.88,91.11,91.17,92.06,91.81,91.18,91.93,91.46,91.04
91.15,91.43,91.5,91.59,91.68,92.07,91.42,91.3,91.11,91.86
91.36,90.97,91.04,91.6,91.3,91.88,91.41,91.86,92.41,91.56
91.57,91.45,91.76,91.73,91.91,91.92,90.78,91.71,91.36,91.88
91.5,91.83,90.99,91.4,91.27,91.88,91.6,91.71,92.12,91.22
91.4,91.47,89.44,92.06,91.65,91.42,91.67,91.48,91.57,91.67
91.86,91.47,91.44,91.46,91.96,91.8,92.09,90.52,91.22,91.82
91.71,91.48,91.68,91.37,91.85,91.29,91.42,91.81,91.32,91.83
92.28,91.37,91.69,91.68,91.37,91.65,91.64,90.99,91.11,91.85
92.14,91.95,91.85,91.24,91.86,91.88,91.06,91.61,91.23,91.26
92,91.74,91.03,92.12,91.58,91.89,91.66,91.01,91.42,91.22
91.98,91.61,92.01,90.27,91.77,91.72,91.47,90.88,90.96,91.61
90.98,91.69,91.64,91.35,91.47,91.47,91.69,91.82,91.12,91.83
92.49,91.69,91.88,91.85,91.56,91.66,91.54,91.65,90.56,91.75
92.25,91.95,91.02,91.45,91.58,91.52,91.46,91.12,91.82,92.34
91.84,90.71,90.01,91.29,91.72,90.83,91.52,91.42,91.78,91.24
91.21,91.79,91.39,90.82,90.89,91.89,91.34,91.93,91.36,91.64
92.1,91.82,91.57,91.92,90.91,91.77,91.41,90.54,92.05,91.48
91.93,91.49,91.92,91.43,91.94,91.42,91.74,92.03,91.76,91.7
92.01,91.69,91.64,91.6,92.05,92.13,91.66,91.15,91.98,90.85
91.98,91.28,91.64,91.1,91.83,90.63,91.32,91.93,91.74,91.96
92.1,91.46,90.76,91.71,91.81,91.64,91.77,90.65,91.08,91.42
91.61,91.87,91.63,90.91,92.65,91.27,92.16,91.46,91.94,91.87
91.32,92.06,91.47,91.94,91.89,91.35,91.15,91.32,90.89,91.3
92.53,91.2,91.73,92.05,91.48,91.57,91.75,91.74,92.13,91.65
92.12,91.01,91.38,91.87,90.95,91.68,91.56,91.55,91.43,91.93
92.47,91.48,91.22,91.62,90.74,91.66,91.28,91.77,91.88,91.96
91.44,92.07,91.41,91.01,91.31,91.71,91.49,91.39,91.68,91.95
91.38,91.44,91.2,91.41,91.92,91.22,90.67,91.82,91.88,91.72
91.6,90.49,90.64,91.63,90.85,91.61,92.01,91.59,91.84,91.38
91.37,91.96,91.46,91.03,90.14,91.37,91.57,90.96,91.72,91.07
92.08,91.7,91.87,91.7,92.28,92.03,91.62,91.62,91.94,92.04
91.75,91.91,91.35,91.83,91.6,92.19,91.48,91.67,91.87,91.16
92.47,91.88,91.21,91.48,92.57,91.78,91.78,91.73,91.36,91.95
92.54,91.63,91.18,91.56,92.13,90.86,92.16,91.64,91.7,91.56
91.59,91.55,91.54,91.67,91.05,91.83,92,92.06,91.48,91.44
91.37,92.4,92.09,91.62,91.24,92.32,91,91.83,91.73,91.64
91.93,91.12,91.78,91.9,91.51,91.07,91.66,91.63,91.94,90.17
93.03,92.88,92.65,93.01,92.74,93.08,92.52,92.55,92.83,93.17
93.14,92.94,92.91,92.96,93.11,93.01,92.81,92.67,92.96,93.18
93.07,92.98,92.81,92.81,93.01,93.28,92.89,92.92,93.17,93.41
93.22,92.9,93.16,93.19,93,93.05,93.05,92.99,92.91,93.44
93,92.67,93.15,93.15,93.03,93.14,93.05,93,93.02,93.27
93.13,92.97,93.33,93.07,93.34,93.24,93.1,93.03,93.44,93.44
93.33,93.02,93.29,93.05,93.32,93.22,92.93,93.1,93.21,93.24
93.26,92.97,93.33,92.97,93.34,93.59,93.34,93.14,93.43,93.12
93.39,92.74,93.04,93.12,93.04,93.54,93.04,93.04,93.08,93.41
93.48,92.89,93.36,93.15,93.12,93.41,92.85,92.76,93.04,93.16
93.41,93.24,93.21,93.26,93.32,93.36,92.75,92.96,93.28,93.22
93.02,93.12,93.01,92.92,93.06,93.18,93.05,93.05,93.15,93.4
92.98,92.77,92.98,93.28,93.2,93.37,93.07,93.11,93.21,93.07
93.37,93.25,92.72,93.37,93.41,93.48,92.86,92.94,93.06,93.4
93.27,93.3,93.25,93.03,92.96,93.31,93,93.01,93.34,93.1
93.29,93.11,93.31,93.05,93.2,93.66,93.2,93.5,93.26,93.36
93.27,93.33,93.25,93.14,93.22,93.63,93.02,93.21,93.21,93.21
93.59,93.19,93.24,93.12,93.29,93.29,92.83,93.12,92.84,93.4
93.3,93.26,93.24,93.13,93.28,93.16,93.22,93.23,93.24,93.33
93.31,93.24,93.27,93.47,93.13,93.46,92.87,93.26,93.2,93.39
93.23,93.34,93.21,92.9,93.22,93.38,93.13,93.19,93.21,92.94
93.21,93.16,93.16,92.99,93.07,93.14,93.22,92.85,93.34,93.3
93.33,93.25,93.16,92.78,93.34,93.34,93.2,93.03,93.03,93.25
93.48,92.98,93.15,93.22,92.59,93.44,93.15,93.11,93.28,93.22
93.3,92.96,93.09,93.26,93.11,93.28,93,93.31,93.11,93.08
93.58,93.27,93.06,93.03,93.15,93.43,93.34,92.95,93.4,93.3
93.55,93.33,93.32,92.98,93.37,93.19,93.3,93.1,93.08,93.31
93.35,92.83,93.07,92.88,93.13,93.32,93.24,93.12,93.51,93.22
93.25,92.8,93.14,93.12,93.18,93.39,93.33,92.91,92.95,93.34
93.07,93.21,93.15,93.06,93.15,93.5,93.12,93.17,93.33,93.41
93.29,92.98,93.08,93.16,92.54,93.56,93,93.16,93.07,93.39
93.48,93.52,93.18,92.87,93.13,93.31,93.22,92.89,93.69,92.71
93.47,92.64,93.13,92.94,93.3,93.3,93.35,93.18,93.21,92.79
93.58,93.08,93.16,92.62,93.14,93.65,93.27,92.91,93.18,93.15
93.78,93.17,93.33,93,93.44,93.44,92.99,93.15,93.57,93.14
93.36,93.07,93.32,92.88,93.46,93.32,93.09,93.19,93.37,92.94
93.12,93.08,93.15,93.01,93.13,93.31,93.16,93.27,93.11,93.24
93.5,93.29,93.1,93.25,93.48,93.27,93.07,93.24,92.95,93.52
93.49,93.1,93.4,93.26,93.44,93.5,92.97,93.23,93.11,93.32
93.39,93.22,93.26,93.18,93.14,93.47,93.27,93.07,93.38,93.3
93.71,92.99,93.34,92.99,93.24,93.19,92.92,93,93.35,93.2
93.46,92.99,93.25,92.96,93.23,93.26,92.97,93.02,93.5,92.9
93.38,93.1,93.11,92.86,93.33,93.46,93.04,93.12,93.5,93.08
93.62,92.89,93.04,92.95,93.39,93.35,93,93.13,93.31,93.04
93.36,93.06,92.82,93.1,93.55,93.42,93.45,92.83,93.28,93.22
93.51,93.24,93.15,92.9,93.35,93.23,93.39,92.97,93.27,93.37
93.7,93.16,93.42,92.92,93.4,93.27,93.38,92.67,93.65,93.14
93.56,93.01,93.05,93.33,93.11,93.13,93.37,92.8,93.53,93.29
93.5,93.16,93.32,93.3,93.39,93.63,93.12,93.11,93.03,93.3
93.62,92.85,93.17,93.32,93.05,93.52,93.24,92.75,93.02,93.38
93.87,93.28,93.26,93.66,93.64,93.7,93.61,93.06,93.43,93.48
93.87,93.3,93.61,93.28,93.43,93.53,93.47,93.37,93.43,93.62
93.5,93.28,93.39,93.64,93.7,93.61,93.57,93.34,93.3,93.3
93.73,92.84,93.52,93.4,93.41,93.58,93.36,93.4,93.73,93.45
93.64,93.2,93.48,93.36,93.53,93.78,93.56,93.12,93.51,93.58
93.63,93.37,93.56,93.46,93.57,93.75,93.3,93.3,93.54,93.57
93.62,93.34,93.42,93.2,93.65,93.78,93.63,93.33,93.46,93.72
93.68,93.23,93.74,93.31,93.5,93.69,93.32,93.17,93.4,93.68
93.69,93.43,93.46,93.54,93.62,93.54,93.55,93.3,93.54,93.51
93.62,93.47,93.5,93.48,93.45,93.61,93.59,93.48,93.4,93.55
93.63,93.28,93.5,93.39,93.69,93.64,93.64,93.24,93.42,93.53
93.71,93.57,93.44,93.23,93.75,93.64,93.6,93.09,93.44,93.6
93.7,93.17,93.53,93.58,93.49,93.57,93.44,93.31,93.34,93.51
93.59,93.36,93.44,93.41,93.72,93.82,93.7,93.34,93.39,93.49
93.88,93.32,93.72,93.42,93.35,93.63,93.57,93.21,93.4,93.55
93.78,93.45,93.54,93.34,93.28,93.74,93.58,93.48,93.61,93.74
93.7,93.46,93.44,93.21,93.41,93.63,93.64,93.37,93.21,93.86
93.63,93.3,93.69,93.39,93.79,93.62,93.83,93.16,93.6,93.7
93.56,93.29,93.46,93.37,93.76,93.76,93.67,93.42,93.6,93.67
93.85,93.12,93.37,93.34,93.54,93.61,93.69,93.41,93.57,93.83
93.87,93.27,93.44,93.66,93.5,93.58,93.83,93.21,93.65,93.64
93.98,93.46,93.21,93.46,93.34,93.64,93.46,93.25,93.68,93.83
93.43,93.26,93.78,93.42,93.58,93.67,93.63,93.33,93.73,93.62
93.77,93.18,93.5,93.43,93.55,93.89,93.47,93.22,93.49,93.54
93.69,93.49,93.6,93.25,93.61,93.55,93.87,93.13,93.77,93.55
93.88,93.21,93.39,93.38,93.63,93.74,93.57,93.3,93.7,93.45
93.86,93.36,93.36,93.4,93.69,93.68,93.64,93.11,93.68,93.58
93.63,93.3,93.58,93.3,93.59,93.68,93.68,93.39,93.56,93.8
93.94,93.29,93.39,93.34,93.54,93.65,93.63,93.42,93.64,93.49
93.8,93.31,93.53,93.35,93.65,93.61,93.57,93.27,93.46,93.57
93.48,93.39,93.62,93.36,93.74,93.49,93.37,93.21,93.51,93.7
93.69,93.22,93.72,93.36,93.68,93.67,93.56,93.06,93.72,93.44
93.63,93.48,93.44,93.39,93.47,93.54,93.57,93.46,93.5,93.55
93.6,93.56,93.71,93.37,93.62,93.42,93.51,93.35,93.66,93.61
93.63,93.23,93.37,93.42,93.73,93.63,93.2,93.29,93.7,93.72
93.98,93.44,93.62,93.28,93.69,93.45,93.59,93.14,93.44,93.6
93.88,93.12,93.5,93.26,93.81,93.89,93.74,93.39,93.86,93.75
93.93,93.37,93.39,93.46,93.5,93.42,93.66,93.41,93.61,93.64
93.75,93.42,93.68,93.36,93.54,93.59,93.6,93.39,93.45,93.55
93.71,93.16,93.58,93.44,93.6,93.73,93.65,93.39,93.55,93.56
93.76,93.36,93.62,93.51,93.79,93.52,93.44,93.22,93.5,93.61
93.62,93.44,93.64,93.47,93.7,93.67,93.23,93.15,93.72,93.56
93.51,93.25,93.46,93.19,93.58,93.5,93.46,93.32,93.76,93.72
93.75,93.49,93.68,93.16,93.42,93.43,93.56,93.23,93.71,93.51
93.78,93.28,93.46,93.2,93.67,93.69,93.23,93.4,93.85,93.66
93.64,93.43,93.29,93.27,93.83,93.64,93.4,93.37,93.74,93.84
93.87,93.06,93.62,93.43,93.51,93.8,93.32,93.31,93.48,93.69
93.84,93.41,93.42,93.46,93.5,93.29,93.56,93.5,93.34,93.55
93.64,93.46,93.33,93.43,93.76,93.47,93.32,93.12,93.8,93.63
93.83,93.19,93.48,93.38,93.42,93.6,93.5,93.43,93.62,93.59
94.19,93.46,93.69,93.64,93.64,93.83,93.71,93.47,93.77,93.76
94.18,93.27,93.51,93.43,93.71,93.84,93.61,93.42,93.77,93.73
93.96,93.53,93.65,93.41,93.69,93.56,93.56,93.55,93.77,93.82
93.97,93.73,93.64,93.55,93.54,93.84,93.83,93.51,93.73,93.72
93.88,93.24,93.7,93.5,94.04,93.84,93.59,93.37,93.77,93.66
94.25,93.27,93.85,93.66,93.93,93.88,93.64,93.46,94.06,94
94.07,93.59,93.73,93.27,93.82,93.77,93.58,93.41,93.72,93.7
94.08,93.51,93.68,93.57,93.93,93.86,93.63,93.53,93.76,93.9
93.95,93.45,93.59,93.65,93.73,93.74,93.46,93.52,93.73,93.69
93.98,93.44,93.75,93.65,93.72,93.86,93.62,93.58,93.88,93.88
94.04,93.48,93.7,93.62,93.88,93.71,93.65,93.49,93.74,93.8
94.11,93.61,93.72,93.53,93.73,94,93.7,93.4,93.83,93.93
93.98,93.28,93.77,93.51,93.86,93.75,93.61,93.61,93.72,93.85
93.94,93.52,93.68,93.6,93.68,93.81,93.68,93.54,93.6,94.03
94.05,93.61,93.8,93.63,93.77,93.68,93.6,93.56,93.59,93.66
93.9,93.44,93.75,93.46,93.78,93.84,93.82,93.55,93.81,93.82
94.17,93.56,93.89,93.77,93.83,93.81,93.68,93.45,93.8,93.75
94.21,93.6,93.71,93.54,93.84,93.7,93.66,93.64,93.75,93.8
94.07,93.62,93.75,93.5,94,93.91,93.79,93.58,93.9,93.83
94.15,93.71,93.73,93.37,93.83,93.98,93.68,93.52,93.85,93.91
94.13,93.4,93.6,93.59,93.91,93.96,93.71,93.61,93.67,93.62
94.2,93.44,93.64,93.51,93.93,93.84,93.71,93.73,93.85,93.9
94.05,93.72,93.76,93.63,93.8,93.73,93.8,93.45,93.5,93.88
94.01,93.46,93.61,93.57,93.88,93.88,93.74,93.62,93.87,93.95
94.08,93.51,93.71,93.58,93.76,93.87,93.62,93.75,93.75,93.75
94.08,93.51,93.7,93.58,93.95,93.8,93.59,93.54,93.61,93.8
94.1,93.55,93.53,93.54,93.94,93.93,93.57,93.75,93.54,93.94
94.04,93.48,93.55,93.75,93.81,93.8,93.61,93.47,93.76,93.77
94.24,93.46,93.74,93.67,93.83,93.75,93.59,93.56,93.96,93.86
94.08,93.43,93.6,93.49,93.69,93.79,93.79,93.59,93.69,93.78
94.2,93.67,93.7,93.54,93.75,93.83,93.78,93.51,93.79,93.85
93.99,93.72,93.64,93.5,93.77,93.98,93.66,93.63,93.72,93.77
94.1,93.72,93.76,93.42,93.81,93.82,93.61,93.67,93.84,93.95
93.96,93.41,93.79,93.47,93.75,94.1,93.64,93.77,93.84,93.72
93.97,93.58,93.99,93.53,94,93.92,93.7,93.68,93.71,93.85
94.12,93.49,93.56,93.53,93.92,93.82,93.89,93.56,93.6,93.8
93.95,93.5,93.67,93.65,93.95,93.86,93.71,93.59,93.86,93.74
93.95,93.61,93.55,93.45,93.98,94.04,93.85,93.69,93.73,93.86
94.05,93.66,93.78,93.72,93.87,93.93,93.89,93.62,93.82,93.87
93.97,93.6,93.77,93.56,94.16,94.04,93.68,93.61,93.81,94.07
93.98,93.67,93.51,93.67,93.8,93.92,93.78,93.7,93.87,93.72
94.1,93.61,93.79,93.59,93.78,93.86,93.86,93.8,93.83,93.91
94,93.7,93.75,93.65,93.98,93.91,93.83,93.55,93.77,93.97
93.94,93.64,93.7,93.47,94.14,93.78,93.61,93.62,93.83,93.82
94.03,93.48,93.64,93.73,93.93,93.94,93.75,93.57,93.71,93.68
94.23,93.67,93.51,93.71,93.86,93.78,93.79,93.52,93.81,93.68
94.11,93.44,93.69,93.54,93.95,93.98,93.62,93.54,93.65,93.81
94.03,93.62,93.66,93.74,93.76,93.84,93.86,93.46,93.84,93.87
94.02,93.58,93.73,93.51,94.02,93.76,93.72,93.58,93.95,93.93
93.95,93.61,93.64,93.53,93.79,93.91,93.76,93.62,93.81,93.82
94.03,93.6,93.63,93.53,93.99,93.94,93.86,93.5,93.83,93.75
94,93.77,93.62,93.58,93.81,94.03,93.83,93.47,93.87,93.96
94.15,93.75,93.68,93.64,93.79,93.95,93.86,93.61,93.86,93.9
94.18,93.6,93.73,93.6,93.99,93.76,93.78,93.51,93.68,93.83
94.14,93.68,93.79,93.57,93.96,94.01,93.79,93.59,93.95,93.88
94.04,93.82,93.58,93.63,93.91,93.89,93.79,93.57,93.81,93.83
93.88,93.59,93.7,93.6,94.03,93.86,93.74,93.38,93.8,93.94
93.87,93.55,93.69,93.72,93.96,93.76,93.72,93.69,93.86,93.89
94.11,93.69,93.67,93.54,93.93,93.81,93.72,93.58,93.88,93.78
94.14,93.71,93.8,93.72,93.88,93.92,93.76,93.48,93.93,93.8
93.95,93.69,93.69,93.61,93.95,93.7,94.02,93.61,93.79,93.84
94.04,93.78,93.56,93.62,93.92,93.89,94.02,93.52,93.92,93.96
94.12,93.75,93.62,93.61,93.97,93.9,93.78,93.6,93.88,93.89
94.2,93.53,93.67,93.76,93.91,93.96,93.86,93.7,93.72,94
94.02,93.73,93.8,93.58,93.78,93.79,93.75,93.55,93.85,93.86
94.09,93.63,93.67,93.59,93.76,93.94,93.76,93.65,93.91,93.89
94.21,93.66,93.7,93.66,93.92,93.94,93.63,93.59,93.78,93.86
94.05,93.72,93.75,93.6,93.84,93.95,93.76,93.73,93.81,94
94.06,93.64,93.72,93.66,94.07,93.91,93.86,93.51,93.63,93.91
94.07,93.6,93.69,93.69,93.95,94.07,93.59,93.63,93.76,93.91
94.02,93.85,93.71,93.54,93.81,93.85,93.65,93.56,93.87,94
94,93.7,93.78,93.6,93.94,93.74,93.76,93.67,93.9,93.9
94.12,93.81,93.75,93.63,94.08,93.86,93.64,93.52,93.85,94.13
94.13,93.8,93.74,93.49,93.85,94.08,93.77,93.69,93.77,94.11
94.01,93.62,93.86,93.63,94.09,94.01,93.67,93.62,93.9,94.02
93.94,93.69,93.69,93.52,94.06,94.05,93.78,93.64,93.68,93.77
94.07,93.64,93.73,93.59,93.94,93.83,93.61,93.51,93.91,93.91
94.12,93.62,93.83,93.7,93.91,93.9,93.53,93.59,93.89,93.99
94.18,93.69,93.7,93.7,93.92,93.94,93.78,93.67,93.73,93.87
94.04,93.74,93.84,93.58,94.02,93.8,93.75,93.51,93.91,93.75
94.13,93.58,93.72,93.72,94.05,93.82,93.78,93.56,93.81,93.88
94.1,93.64,93.86,93.75,93.82,93.81,93.71,93.65,93.9,93.89
94.05,93.63,93.79,93.54,93.93,93.82,93.86,93.67,93.72,93.91
94.24,93.59,93.72,93.78,94.03,93.86,93.68,93.67,93.92,93.73
94.14,93.69,93.74,93.5,93.89,93.98,93.71,93.63,93.89,93.98
94.03,93.55,93.6,93.66,94.09,93.96,93.82,93.57,93.83,93.82
94.05,93.59,93.74,93.59,94.06,93.93,93.89,93.57,93.81,93.88
94.26,93.73,93.77,93.73,93.89,93.93,93.78,93.59,93.83,94.03
94.21,93.51,93.69,93.77,93.91,94.02,93.89,93.7,93.9,93.93
94.17,93.59,93.84,93.71,93.97,94.05,93.91,93.61,93.88,93.98
94.23,93.69,93.65,93.69,93.88,94.12,93.9,93.63,94.01,94.04
94.13,93.57,93.7,93.61,93.96,93.86,93.8,93.68,93.81,93.98
94.2,93.67,93.71,93.7,93.99,94.01,93.93,93.85,94.03,93.96
94.22,93.65,93.75,93.5,93.92,93.92,93.77,93.71,93.89,93.88
94.03,93.64,93.82,93.56,94.02,93.98,93.92,93.67,93.95,94.19
94.03,93.56,93.78,93.57,94.05,93.99,93.95,93.67,93.83,94.02
94.27,93.44,93.79,93.67,93.97,93.92,93.81,93.65,94,94.05
94.18,93.75,93.61,93.57,94.05,93.99,93.82,93.8,93.92,93.81
94.11,93.79,93.75,93.58,94.06,93.95,93.87,93.71,93.88,93.77
94.14,93.57,93.74,93.6,93.88,93.88,94,93.84,93.85,93.93
